time_sec,Instrument_0_Bass,Instrument_1_Grand Piano,Instrument_2_909 Drum Kit,Instrument_3_Smooth Synth (Classic),Instrument_4_Electric Drum Kit,Instrument_5_Violin,Instrument_6_8-Bit Sawtooth,Instrument_7_Strings,Instrument_8_Violin (Classic),Instrument_9_Trombone (Classic)
0.0,51,,,,,,,,,
0.16853924999999997,65,,,,,,,,,
0.33707849999999995,,,,,,,,,,
0.50561775,51,,,,,,,,,
0.6741569999999999,67,,,,,,,,,
0.8426962499999999,,,,,,,,,,
1.0112355,51,,,,,,,,,
1.1797747499999998,65,,,,,,,,,
1.3483139999999998,,,,,,,,,,
1.5168532499999998,51,,,,,,,,,
1.6853924999999998,67,,,,,,,,,
1.8539317499999999,,,,,,,,,,
2.022471,51,,,,,,,,,
2.1910102499999997,65,,,,,,,,,
2.3595494999999995,70,,,,,,,,,
2.5280887499999998,67,,,,,,,,,
2.6966279999999996,51,,,,,,,,,
2.86516725,65,,,,,,,,,
3.0337064999999996,,,,,,,,,,
3.2022457499999994,51,,,,,,,,,
3.3707849999999997,67,,,,,,,,,
3.5393242499999995,,,,,,,,,,
3.7078634999999998,51,,,,,,,,,
3.8764027499999996,65,,,,,,,,,
4.044942,,,,,,,,,,
4.213481249999999,51,,,,,,,,,
4.382020499999999,67,,,,,,,,,
4.55055975,,,,,,,,,,
4.719098999999999,51,,,,,,,,,
4.887638249999999,65,,,,,,,,,
5.0561774999999995,70,,,,,,,,,
5.22471675,67,,,,,,,,,
5.393255999999999,51,,,,,,,,,
5.561795249999999,65,,,,,,,,,
5.7303345,,,,,,,,,,
5.898873749999999,51,,,,,,,,,
6.067412999999999,67,,,,,,,,,
6.2359522499999995,,,,,,,,,,
6.404491499999999,51,,,,,,,,,
6.573030749999999,65,,,,,,,,,
6.741569999999999,,,,,,,,,,
6.91010925,51,,,,,,,,,
7.078648499999999,67,,,,,,,,,
7.247187749999999,,,,,,,,,,
7.4157269999999995,51,,,,,,,,,
7.584266249999999,65,,,,,,,,,
7.752805499999999,70,,,,,,,,,
7.921344749999999,67,,,,,,,,,
8.089884,51,,,,,,,,,
8.25842325,65,,,,,,,,,
8.426962499999998,,,,,,,,,,
8.595501749999999,51,,,,,,,,,
8.764040999999999,67,,,,,,,,,
8.932580249999999,,,,,,,,,,
9.1011195,51,,,,,,,,,
9.26965875,65,,,,,,,,,
9.438197999999998,,,,,,,,,,
9.606737249999998,51,,,,,,,,,
9.775276499999999,67,,,,,,,,,
9.943815749999999,,,,,,,,,,
10.112354999999999,51,,,,,,,,,
10.28089425,65,,,,,,,,,
10.4494335,70,63,,,,,,,,
10.617972749999998,67,63,,,,,,,,
10.786511999999998,51,63,,,,,,,,
10.955051249999999,65,63,,,,,,,,
11.123590499999999,,,,,,,,,,
11.292129749999999,51,,,,,,,,,
11.460669,67,67,,,,,,,,
11.629208249999998,,67,,,,,,,,
11.797747499999998,51,,,,,,,,,
11.966286749999998,65,,,,,,,,,
12.134825999999999,,67,,,,,,,,
12.303365249999999,51,67,,,,,,,,
12.471904499999999,67,,,,,,,,,
12.64044375,,,,,,,,,,
12.808982999999998,51,63,,,,,,,,
12.977522249999998,65,63,,,,,,,,
13.146061499999998,70,63,,,,,,,,
13.314600749999999,67,63,,,,,,,,
13.483139999999999,51,63,,,,,,,,
13.651679249999999,65,63,,,,,,,,
13.8202185,,63,,,,,,,,
13.988757749999998,51,63,,,,,,,,
14.157296999999998,67,67,,,,,,,,
14.325836249999998,,67,,,,,,,,
14.494375499999999,51,,,,,,,,,
14.662914749999999,65,,,,,,,,,
14.831453999999999,,67,,,,,,,,
14.999993249999998,51,67,,,,,,,,
15.168532499999998,67,,,,,,,,,
15.337071749999998,,,,,,,,,,
15.505610999999998,51,,,,,,,,,
15.674150249999999,65,,,,,,,,,
15.842689499999999,70,65,,,,,,,,
16.011228749999997,67,65,,,,,,,,
16.179768,51,63,,,,,,,,
16.348307249999998,65,63,,,,,,,,
16.5168465,,63,,,,,,,,
16.68538575,51,63,,,,,,,,
16.853924999999997,67,67,,,,,,,,
17.02246425,,67,,,,,,,,
17.191003499999997,51,,,,,,,,,
17.35954275,65,,,,,,,,,
17.528081999999998,,67,,,,,,,,
17.69662125,51,67,,,,,,,,
17.865160499999998,67,,,,,,,,,
18.033699749999997,,,,,,,,,,
18.202239,51,65,,,,,,,,
18.370778249999997,65,65,,,,,,,,
18.5393175,70,63,,,,,,,,
18.707856749999998,67,63,,,,,,,,
18.876395999999996,51,63,,,,,,,,
19.044935249999998,65,63,,,,,,,,
19.213474499999997,,63,,,,,,,,
19.38201375,51,63,,,,,,,,
19.550552999999997,67,67,,,,,,,,
19.71909225,,67,,,,,,,,
19.887631499999998,51,,,,,,,,,
20.056170749999996,65,,,,,,,,,
20.224709999999998,,67,,,,,,,,
20.393249249999997,51,67,,,,,,,,
20.5617885,67,,,,,,,,,
20.730327749999997,,,,,,,,,,
20.898867,51,65,,,,,,,,
21.067406249999998,65,65,,,,,,,,
21.235945499999996,70,,,,,,,,,
21.404484749999998,67,,,,,,,,,
21.573023999999997,51,,,,,,,,,
21.74156325,65,,,,,,,,,
21.910102499999997,,75,,,,,,,,
22.07864175,51,75,,,,,,,,
22.247180999999998,67,75,,,,,,,,
22.415720249999996,,75,,,,,,,,
22.584259499999998,51,75,,,,,,,,
22.752798749999997,65,75,,,,,,,,
22.921338,,75,,,,,,,,
23.089877249999997,51,75,,,,,,,,
23.258416499999996,67,75,,,,,,,,
23.426955749999998,,75,,,,,,,,
23.595494999999996,51,74,,,,,,,,
23.764034249999998,65,74,,,,,,,,
23.932573499999997,70,74,,,,,,,,
24.10111275,67,74,,,,,,,,
24.269651999999997,51,,,,,,,,,
24.438191249999996,65,,,,,,,,,
24.606730499999998,,74,,,,,,,,
24.775269749999996,51,74,,,,,,,,
24.943808999999998,67,74,,,,,,,,
25.112348249999997,,74,,,,,,,,
25.2808875,51,74,,,,,,,,
25.449426749999997,65,74,,,,,,,,
25.617965999999996,,74,,,,,,,,
25.786505249999998,51,74,,,,,,,,
25.955044499999996,67,74,,,,,,,,
26.123583749999998,,74,,,,,,,,
26.292122999999997,51,77,,,,,,,,
26.46066225,65,77,,,,,,,,
26.629201499999997,70,77,,,,,,,,
26.797740749999996,67,77,,,,,,,,
26.966279999999998,51,77,,,,,,,,
27.134819249999996,65,77,,,,,,,,
27.303358499999998,,77,,,,,,,,
27.471897749999997,51,77,,,,,,,,
27.640437,67,75,,,,,,,,
27.808976249999997,,75,,,,,,,,
27.977515499999996,51,75,,,,,,,,
28.146054749999998,65,75,,,,,,,,
28.314593999999996,,75,,,,,,,,
28.483133249999998,51,75,,,,,,,,
28.651672499999997,67,75,,,,,,,,
28.820211749999995,,75,,,,,,,,
28.988750999999997,51,75,,,,,,,,
29.157290249999996,65,75,,,,,,,,
29.325829499999998,70,75,,,,,,,,
29.494368749999996,67,75,,,,,,,,
29.662907999999998,51,75,,,,,,,,
29.831447249999997,65,75,,,,,,,,
29.999986499999995,,75,,,,,,,,
30.168525749999997,51,75,,,,,,,,
30.337064999999996,67,75,,,,,,,,
30.505604249999998,,75,,,,,,,,
30.674143499999996,51,75,,,,,,,,
30.842682749999998,65,75,,,,,,,,
31.011221999999997,,75,,,,,,,,
31.179761249999995,51,75,,,,,,,,
31.348300499999997,67,75,,,,,,,,
31.516839749999995,,75,,,,,,,,
31.685378999999998,51,75,,,,,,,,
31.853918249999996,65,,,,,,,,,
32.022457499999994,70,63,,,,,,,,
32.19099675,67,63,,,,,,,,
32.359536,51,63,36,27,,,,,,
32.52807524999999,65,63,,,,,,,,
32.696614499999995,,,,,,,,,,
32.86515375,51,,,,,,,,,
33.033693,67,67,38,,34 34 78,,,,,
33.202232249999994,,67,,,,,,,,
33.3707715,51,,,,,,,,,
33.53931075,65,,36,27,,,,,,
33.70784999999999,,67,,,,,,,,
33.876389249999995,51,67,36,27,,,,,,
34.0449285,67,,36,27,,,,,,
34.21346775,,,,,,,,,,
34.382006999999994,51,63,38,39,71,,,,,
34.55054625,65,63,,,,,,,,
34.7190855,70,63,,,,,,,,
34.88762474999999,67,63,,,,,,,,
35.056163999999995,51,63,36,27,,,,,,
35.22470325,65,63,,,,,,,,
35.3932425,,63,,,,,,,,
35.561781749999994,51,63,,,,,,,,
35.730320999999996,67,67,38,,34 78,,,,,
35.89886025,,67,,,,,,,,
36.06739949999999,51,,,,,,,,,
36.235938749999995,65,,36,27,,,,,,
36.404478,,67,,,,,,,,
36.57301724999999,51,67,36,27,,,,,,
36.741556499999994,67,,36,27,,,,,,
36.910095749999996,,,,,,,,,,
37.078635,51,,38,39,71,,,,,
37.24717424999999,65,,,,,,,,,
37.415713499999995,70,65,,,,,,,,
37.58425275,67,65,,,,,,,,
37.75279199999999,51,63,36,27,,,,,,
37.921331249999994,65,63,,,,,,,,
38.089870499999996,,63,,,,,,,,
38.25840975,51,63,,,,,,,,
38.42694899999999,67,67,38,,34 34 78,,,,,
38.595488249999995,,67,,,,,,,,
38.7640275,51,,,,,,,,,
38.93256674999999,65,,36,27,,,,,,
39.101105999999994,,67,,,,,,,,
39.269645249999996,51,67,36,27,,,,,,
39.4381845,67,,36,27,,,,,,
39.60672374999999,,,,,,,,,,
39.775262999999995,51,65,38,39,71,,,,,
39.94380225,65,65,,,,,,,,
40.11234149999999,70,63,,,,,,,,
40.280880749999994,67,63,,,,,,,,
40.449419999999996,51,63,36,27,,,,,,
40.61795925,65,63,,,,,,,,
40.78649849999999,,63,,,,,,,,
40.955037749999995,51,63,,,,,,,,
41.123577,67,67,38,,34 78,,,,,
41.29211624999999,,67,,,,,,,,
41.460655499999994,51,,,,,,,,,
41.629194749999996,65,,36,27,,,,,,
41.797734,,67,,,,,,,,
41.96627324999999,51,67,36,27,,,,,,
42.134812499999995,67,,36,27,,,,,,
42.30335175,,,,,,,,,,
42.47189099999999,51,65,38,,71,,,,,
42.640430249999994,65,65,,,,,,,,
42.808969499999996,70,,,,,,,,,
42.97750875,67,,,,,,,,,
43.14604799999999,51,,36,27,,,,,,
43.314587249999995,65,,,,,,,,,
43.4831265,,75,,,,,,,,
43.65166574999999,51,75,,,,,,,,
43.820204999999994,67,75,38,,34 34 78,,,,,
43.988744249999996,,75,,,,,,,,
44.1572835,51,75,,,,,,,,
44.32582274999999,65,75,36,27,,,,,,
44.494361999999995,,75,,,,,,,,
44.66290125,51,75,36,27,,,,,,
44.83144049999999,67,75,36,27,,,,,,
44.999979749999994,,75,,,,,,,,
45.168518999999996,51,74,38,,71,,,,,
45.33705825,65,74,,,,,,,,
45.50559749999999,70,74,,,,,,,,
45.674136749999995,67,74,,,,,,,,
45.842676,51,,36,27,,,,,,
46.01121524999999,65,,,,,,,,,
46.179754499999994,,74,,,,,,,,
46.348293749999996,51,74,,,,,,,,
46.51683299999999,67,74,38,,34 78,,,,,
46.68537224999999,,74,,,,,,,,
46.853911499999995,51,74,,,,,,,,
47.02245075,65,74,36,27,,,,,,
47.19098999999999,,74,,,,,,,,
47.359529249999994,51,74,36,27,,,,,,
47.528068499999996,67,74,36,27,,,,,,
47.69660774999999,,74,,,,,,,,
47.86514699999999,51,77,38,,71,,,,,
48.033686249999995,65,77,,,,,,,,
48.2022255,70,77,,,,,,,,
48.37076474999999,67,77,,,,,,,,
48.539303999999994,51,77,36,27,,,,,,
48.707843249999996,65,77,,,,,,,,
48.87638249999999,,77,,,,,,,,
49.04492174999999,51,77,,,,,,,,
49.213460999999995,67,75,38,,34 34 78,,,,,
49.38200025,,75,,,,,,,,
49.55053949999999,51,75,,,,,,,,
49.719078749999994,65,75,36,27,,,,,,
49.887617999999996,,,,,,,,,,
50.05615724999999,51,,36,27,,,,,,
50.22469649999999,67,,36,27,,,,,,
50.393235749999995,,,,,,,,,,
50.561775,51,,38,,71,,,,,
50.73031424999999,65,,,,,,,,,
50.898853499999994,70,,,,,,,,,
51.067392749999996,67,,,,,,,,,
51.23593199999999,51,,36,27,,48 60 72 84,36 48,,,
51.40447124999999,65,,,,,48 60 72 84,36 48,,,
51.573010499999995,,,,,,48 60 72 84,36 48,,,
51.74154975,51,,,,,48 60 72 84,36 48,,,
51.91008899999999,67,,38,,34 78,48 60 72 84,36 48,,,
52.078628249999994,,,,,,48 60 72 84,36 48,,,
52.247167499999996,51,63 75,,,,48 60 72 84,36 48,,63 75,51
52.41570674999999,65,63 75,,,,48 60 72 84,36 48,,63 75,51
52.58424599999999,,75 87,,,,48 60 72 84,36 48,,75 87,63
52.9213245,,75 87,,,,48 60 72 84,36 48,,75 87,63
53.258402999999994,,75 87,,,,48 60 72 84,36 48,,75 87,63
53.59548149999999,,74 86,,,,48 60 72 84,36 48,,74 86,62
53.932559999999995,,72 84,,36 36,,48 60 72 84,36 48,,72 84,60
54.10109925,,72 84,,36 36,,48 60 72 84,36 48,,72 84,60
54.26963849999999,,,,36 36,,48 60 72 84,36 48,,,
54.438177749999994,,,,36 36,,48 60 72 84,36 48,,,
54.606716999999996,,,,36 36,,48 60 72 84,36 48,,,
54.77525624999999,,,,36 36,,48 60 72 84,36 48,,,
54.94379549999999,,,,36 36,,48 60 72 84,36 48,,,
55.112334749999995,,,,36 36,,48 60 72 84,36 48,,,
55.280874,,75 87,,36 36,,48 60 72 84,36 48,,75 87,63
55.44941324999999,,75 87,,36 36,,48 60 72 84,36 48,,75 87,63
55.617952499999994,,75 87,,36 36,,48 60 72 84,36 48,,75 87,63
55.786491749999996,,75 87,,36 36,,48 60 72 84,36 48,,75 87,63
55.95503099999999,,75 87,,36 36,,48 60 72 84,36 48,,75 87,63
56.12357024999999,,75 87,,36 36,,48 60 72 84,36 48,,75 87,63
56.292109499999995,,74 86,,36 36,,48 60 72 84,36 48,,74 86,62
56.46064874999999,,74 86,,36 36,,48 60 72 84,36 48,,74 86,62
56.62918799999999,,68 80,,32 32,,44 56 68 80,32 44,,68 80,56
56.797727249999994,,68 80,,32 32,,44 56 68 80,32 44,,68 80,56
56.966266499999996,,,,32 32,,44 56 68 80,32 44,,,
57.13480574999999,,,,32 32,,44 56 68 80,32 44,,,
57.30334499999999,,,,32 32,,44 56 68 80,32 44,,,
57.471884249999995,,,,32 32,,44 56 68 80,32 44,,,
57.64042349999999,,,,32 32,,44 56 68 80,32 44,,,
57.80896274999999,,,,32 32,,44 56 68 80,32 44,,,
57.977501999999994,,75 87,,32 32,,44 56 68 80,32 44,,75 87,63
58.146041249999996,,75 87,,32 32,,44 56 68 80,32 44,,75 87,63
58.31458049999999,,75 87,,32 32,,44 56 68 80,32 44,,75 87,63
58.48311974999999,,75 87,,32 32,,44 56 68 80,32 44,,75 87,63
58.651658999999995,,75 87,,32 32,,44 56 68 80,32 44,,75 87,63
58.82019824999999,,75 87,,32 32,,44 56 68 80,32 44,,75 87,63
58.98873749999999,,74 86,,32 32,,44 56 68 80,32 44,,74 86,62
59.157276749999994,,74 86,,32 32,,44 56 68 80,32 44,,74 86,62
59.325815999999996,,75 87,,39 39,,51 63 75 87,39 51,,75 87,63
59.49435524999999,,75 87,,39 39,,51 63 75 87,39 51,,75 87,63
59.66289449999999,,,,39 39,,51 63 75 87,39 51,,,
59.831433749999995,,,,39 39,,51 63 75 87,39 51,,,
59.99997299999999,,,,39 39,,51 63 75 87,39 51,,,
60.16851224999999,,,,39 39,,51 63 75 87,39 51,,,
60.337051499999994,,,,39 39,,51 63 75 87,39 51,,,
60.505590749999996,,,,39 39,,51 63 75 87,39 51,,,
60.67412999999999,,75 87,,39 39,,51 63 75 87,39 51,,75 87,63
60.84266924999999,,75 87,,39 39,,51 63 75 87,39 51,,75 87,63
61.011208499999995,,75 87,,39 39,,51 63 75 87,39 51,,75 87,63
61.17974774999999,,75 87,,39 39,,51 63 75 87,39 51,,75 87,63
61.34828699999999,,75 87,,39 39,,51 63 75 87,39 51,,75 87,63
61.516826249999994,,75 87,,39 39,,51 63 75 87,39 51,,75 87,63
61.685365499999996,,77 89,,39 39,,51 63 75 87,39 51,,77 89,65
61.85390474999999,,77 89,,39 39,,51 63 75 87,39 51,,77 89,65
62.02244399999999,,77 89,,38 38,,50 62 74 86,38 50,,77 89,65
62.190983249999995,,77 89,,38 38,,50 62 74 86,38 50,,77 89,65
62.35952249999999,,,,38 38,,50 62 74 86,38 50,,,
62.52806174999999,,,,38 38,,50 62 74 86,38 50,,,
62.696600999999994,,,,38 38,,50 62 74 86,38 50,,,
62.865140249999996,,,,38 38,,50 62 74 86,38 50,,,
63.03367949999999,,70 82,,38 38,,50 62 74 86,38 50,,70 82,58
63.20221874999999,,70 82,,38 38,,50 62 74 86,38 50,,70 82,58
63.370757999999995,,75 87,,38 38,,50 62 74 86,38 50,,75 87,63
63.53929724999999,,75 87,,38 38,,50 62 74 86,38 50,,75 87,63
63.70783649999999,,75 87,,38 38,,50 62 74 86,38 50,,75 87,63
63.876375749999994,,75 87,,38 38,,50 62 74 86,38 50,,75 87,63
64.04491499999999,,75 87,,38 38,,50 62 74 86,38 50,,75 87,63
64.21345425,,75 87,,38 38,,50 62 74 86,38 50,,75 87,63
64.3819935,,74 86,,38 38,,50 62 74 86,38 50,,74 86,62
64.55053274999999,,74 86,,38 38,,50 62 74 86,38 50,,74 86,62
64.719072,,72 84,,36 36,,60 72 84 84,36 48 60,,72 84,60
64.88761124999999,,72 84,,36 36,,60 72 84 84,36 48 60,,72 84,60
65.05615049999999,,72 84,,36 36,,60 72 84 84,36 48 60,,72 84,60
65.22468975,,72 84,,36 36,,60 72 84 84,36 48 60,,72 84,60
65.39322899999999,,72 84,,36 36,,60 72 84 84,36 48 60,,72 84,60
65.56176824999999,,72 84,,36 36,,60 72 84 84,36 48 60,,72 84,60
65.7303075,,72 84,,36 36,,60 72 84 84,36 48 60,,72 84,60
65.89884674999999,,72 84,,36 36,,60 72 84 84,36 48 60,,72 84,60
66.067386,,75 87,,36 36,,60 72 84 84,36 48 60,,75 87,63
66.23592525,,75 87,,36 36,,60 72 84 84,36 48 60,,75 87,63
66.40446449999999,,75 87,,36 36,,60 72 84 84,36 48 60,,75 87,63
66.57300375,,75 87,,36 36,,60 72 84 84,36 48 60,,75 87,63
66.741543,,75 87,,36 36,,60 72 84 84,36 48 60,,75 87,63
66.91008224999999,,75 87,,36 36,,60 72 84 84,36 48 60,,75 87,63
67.0786215,,74 86,,36 36,,60 72 84 84,36 48 60,,74 86,62
67.24716074999999,,74 86,,36 36,,60 72 84 84,36 48 60,,74 86,62
67.41569999999999,,68 80,,32 32,,56 68 80 92,32 44 56,,68 80,56
67.58423925,,68 80,,32 32,,56 68 80 92,32 44 56,,68 80,56
67.75277849999999,,68 80,,32 32,,56 68 80 92,32 44 56,,68 80,56
67.92131774999999,,68 80,,32 32,,56 68 80 92,32 44 56,,68 80,56
68.089857,,68 80,,32 32,,56 68 80 92,32 44 56,,68 80,56
68.25839624999999,,68 80,,32 32,,56 68 80 92,32 44 56,,68 80,56
68.4269355,,68 80,,32 32,,56 68 80 92,32 44 56,,68 80,56
68.59547475,,68 80,,32 32,,56 68 80 92,32 44 56,,68 80,56
68.76401399999999,,75 87,,32 32,,56 68 80 92,32 44 56,,75 87,63
68.93255325,,75 87,,32 32,,56 68 80 92,32 44 56,,75 87,63
69.1010925,,75 87,,32 32,,56 68 80 92,32 44 56,,75 87,63
69.26963174999999,,75 87,,32 32,,56 68 80 92,32 44 56,,75 87,63
69.438171,,75 87,,32 32,,56 68 80 92,32 44 56,,75 87,63
69.60671024999999,,75 87,,32 32,,56 68 80 92,32 44 56,,75 87,63
69.77524949999999,,74 86,,32 32,,56 68 80 92,32 44 56,,74 86,62
69.94378875,,74 86,,32 32,,56 68 80 92,32 44 56,,74 86,62
70.11232799999999,,75 87,,39 39,,63 75 87 87,39 51 63,,75 87,63
70.28086724999999,,75 87,,39 39,,63 75 87 87,39 51 63,,75 87,63
70.4494065,,75 87,,39 39,,63 75 87 87,39 51 63,,75 87,63
70.61794574999999,,75 87,,39 39,,63 75 87 87,39 51 63,,75 87,63
70.786485,,75 87,,39 39,,63 75 87 87,39 51 63,,75 87,63
70.95502425,,75 87,,39 39,,63 75 87 87,39 51 63,,75 87,63
71.12356349999999,,75 87,,39 39,,63 75 87 87,39 51 63,,75 87,63
71.29210275,,75 87,,39 39,,63 75 87 87,39 51 63,,75 87,63
71.46064199999999,,75 87,,39 39,,63 75 87 87,39 51 63,,75 87,63
71.62918124999999,,75 87,,39 39,,63 75 87 87,39 51 63,,75 87,63
71.7977205,,75 87,,39 39,,63 75 87 87,39 51 63,,75 87,63
71.96625974999999,,75 87,,39 39,,63 75 87 87,39 51 63,,75 87,63
72.13479899999999,,75 87,,39 39,,63 75 87 87,39 51 63,,75 87,63
72.30333825,,75 87,,39 39,,63 75 87 87,39 51 63,,75 87,63
72.47187749999999,,77 89,,39 39,,63 75 87 87,39 51 63,,77 89,65
72.64041674999999,,77 89,,39 39,,63 75 87 87,39 51 63,,77 89,65
72.808956,,77 89,,,,,,,77 89,65
73.14603449999998,,75 87,,,,,,,75 87,63
73.48311299999999,,75 87,,,,,,,75 87,63
73.82019149999999,,75 87,,,,,,,75 87,63
74.15727,,75 87,,,,,,,75 87,63
74.83142699999999,,80 92,,32,,,,,80 92,68
74.99996624999999,,80 92,,32,,,,,80 92,68
75.1685055,,79 91,,32,,,,,79 91,67
75.33704474999999,,79 91,,32,,,,,79 91,67
75.50558399999998,,79 91,35 35 36,36 36,,,36 48,48 60 72 84,79 91,67
75.67412325,,79 91,,36 36,,,36 48,48 60 72 84,79 91,67
75.84266249999999,,79 91,,36 36,,,36 48,48 60 72 84,79 91,67
76.01120175,,79 91,,36 36,,,36 48,48 60 72 84,79 91,67
76.17974099999999,,75 87,38 38 38,36 36,,,36 48,48 60 72 84,75 87,63
76.34828024999999,,75 87,,36 36,,,36 48,48 60 72 84,75 87,63
76.5168195,,75 87,,36 36,,,36 48,48 60 72 84,75 87,63
76.68535874999999,,75 87,35 35 36,36 36,,,36 48,48 60 72 84,75 87,63
76.85389799999999,,75 87,,36 36,,,36 48,48 60 72 84,75 87,63
77.02243725,,75 87,35 35 36,36 36,,,36 48,48 60 72 84,75 87,63
77.19097649999999,,75 87,35 35 36,36 36,,,36 48,48 60 72 84,75 87,63
77.35951574999999,,75 87,,36 36,,,36 48,48 60 72 84,75 87,63
77.528055,,80 92,38 38 38,36 36,,,36 48,48 60 72 84,80 92,68
77.69659424999999,,80 92,,36 36,,,36 48,48 60 72 84,80 92,68
77.86513349999998,,79 91,,36 36,,,36 48,48 60 72 84,79 91,67
78.03367275,,79 91,,36 36,,,36 48,48 60 72 84,79 91,67
78.20221199999999,,79 91,35 35 36,32 32,,,32 44,44 56 68 80,79 91,67
78.37075125,,79 91,,32 32,,,32 44,44 56 68 80,79 91,67
78.53929049999999,,79 91,,32 32,,,32 44,44 56 68 80,79 91,67
78.70782974999999,,79 91,,32 32,,,32 44,44 56 68 80,79 91,67
78.876369,,,38 38 38,32 32,,,32 44,44 56 68 80,,
79.04490824999999,,,,32 32,,,32 44,44 56 68 80,,
79.21344749999999,,,,32 32,,,32 44,44 56 68 80,,
79.38198675,,,35 35 36,32 32,,,32 44,44 56 68 80,,
79.55052599999999,,75 87,,32 32,,,32 44,44 56 68 80,75 87,63
79.71906524999999,,75 87,35 35 36,32 32,,,32 44,44 56 68 80,75 87,63
79.8876045,,75 87,35 35 36,32 32,,,32 44,44 56 68 80,75 87,63
80.05614374999999,,75 87,,32 32,,,32 44,44 56 68 80,75 87,63
80.22468299999998,,74 86,38 38 38,32 32,,,32 44,44 56 68 80,74 86,62
80.39322225,,74 86,,32 32,,,32 44,44 56 68 80,74 86,62
80.56176149999999,,75 87,,32 32,,,32 44,44 56 68 80,75 87,63
80.73030075,,75 87,,32 32,,,32 44,44 56 68 80,75 87,63
80.89883999999999,,75 87,35 35 36,27 27,,,27 39,39 51 63 75,75 87,63
81.06737924999999,,75 87,,27 27,,,27 39,39 51 63 75,75 87,63
81.2359185,,,,27 27,,,27 39,39 51 63 75,,
81.40445774999999,,,,27 27,,,27 39,39 51 63 75,,
81.57299699999999,,,38 38 38,27 27,,,27 39,39 51 63 75,,
81.74153625,,,,27 27,,,27 39,39 51 63 75,,
81.91007549999999,,,,27 27,,,27 39,39 51 63 75,,
82.07861474999999,,,35 35 36,27 27,,,27 39,39 51 63 75,,
82.247154,,75 87,,27 27,,,27 39,39 51 63 75,75 87,63
82.41569324999999,,75 87,35 35 36,27 27,,,27 39,39 51 63 75,75 87,63
82.58423249999998,,75 87,35 35 36,27 27,,,27 39,39 51 63 75,75 87,63
82.75277175,,75 87,,27 27,,,27 39,39 51 63 75,75 87,63
82.92131099999999,,74 86,38 38 38,27 27,,,27 39,39 51 63 75,74 86,62
83.08985024999998,,74 86,,27 27,,,27 39,39 51 63 75,74 86,62
83.25838949999999,,77 89,,27 27,,,27 39,39 51 63 75,77 89,65
83.42692874999999,,77 89,,27 27,,,27 39,39 51 63 75,77 89,65
83.595468,,77 89,35 35 36,26 26,,,26 38,38 50 62 74,77 89,65
83.76400724999999,,,,26 26,,,26 38,38 50 62 74,,
83.93254649999999,,79 91,,26 26,,,26 38,38 50 62 74,79 91,67
84.10108575,,79 91,,26 26,,,26 38,38 50 62 74,79 91,67
84.26962499999999,,75 79 87 91,38 38 38,26 26,,,26 38,38 50 62 74,75 79 87 91,63 67
84.43816424999999,,75 79 87 91,,26 26,,,26 38,38 50 62 74,75 79 87 91,63 67
84.6067035,,75 87,,26 26,,,26 38,38 50 62 74,75 87,63
84.77524274999999,,75 87,35 35 36,26 26,,,26 38,38 50 62 74,75 87,63
84.94378199999998,,75 87,,26 26,,,26 38,38 50 62 74,75 87,63
85.11232125,,75 87,35 35 36,26 26,,,26 38,38 50 62 74,75 87,63
85.28086049999999,,75 87,35 35 36,26 26,,,26 38,38 50 62 74,75 87,63
85.44939974999998,,75 87,,26 26,,,26 38,38 50 62 74,75 87,63
85.61793899999999,,80 92,38 38 38,26 26,,,26 38,38 50 62 74,80 92,68
85.78647824999999,,80 92,,26 26,,,26 38,38 50 62 74,80 92,68
85.9550175,,79 79 91 91,,26 26,,,26 38,38 50 62 74,79 79 91 91,67 67
86.12355674999999,,79 79 91 91,,26 26,,,26 38,38 50 62 74,79 79 91 91,67 67
86.29209599999999,,,35 35 36,36 36,,,36 48,48 60 72 84,,
86.46063525,,,,36 36,,,36 48,48 60 72 84,,
86.62917449999999,,,,36 36,,,36 48,48 60 72 84,,
86.79771374999999,,,,36 36,,,36 48,48 60 72 84,,
86.966253,,75 87,38 38 38,36 36,,,36 48,48 60 72 84,75 87,63
87.13479224999999,,75 87,,36 36,,,36 48,48 60 72 84,75 87,63
87.30333149999998,,75 87,,36 36,,,36 48,48 60 72 84,75 87,63
87.47187075,,75 87,35 35 36,36 36,,,36 48,48 60 72 84,75 87,63
87.64040999999999,,75 87,,36 36,,,36 48,48 60 72 84,75 87,63
87.80894924999998,,75 87,35 35 36,36 36,,,36 48,48 60 72 84,75 87,63
87.97748849999999,,75 87,35 35 36,36 36,,,36 48,48 60 72 84,75 87,63
88.14602774999999,,75 87,,36 36,,,36 48,48 60 72 84,75 87,63
88.314567,,80 92,38 38 38,36 36,,,36 48,48 60 72 84,80 92,68
88.48310624999999,,80 92,,36 36,,,36 48,48 60 72 84,80 92,68
88.65164549999999,,79 91,,36 36,,,36 48,48 60 72 84,79 91,67
88.82018475,,79 91,,36 36,,,36 48,48 60 72 84,79 91,67
88.98872399999999,,79 91,35 35 36,32 32,,,32 44,44 56 68 80,79 91,67
89.15726324999999,,79 91,,32 32,,,32 44,44 56 68 80,79 91,67
89.3258025,,79 91,,32 32,,,32 44,44 56 68 80,79 91,67
89.49434174999999,,79 91,,32 32,,,32 44,44 56 68 80,79 91,67
89.66288099999998,,,38 38 38,32 32,,,32 44,44 56 68 80,,
89.83142025,,,,32 32,,,32 44,44 56 68 80,,
89.99995949999999,,,,32 32,,,32 44,44 56 68 80,,
90.16849874999998,,,35 35 36,32 32,,,32 44,44 56 68 80,,
90.33703799999999,,75 87,,32 32,,,32 44,44 56 68 80,75 87,63
90.50557724999999,,75 87,35 35 36,32 32,,,32 44,44 56 68 80,75 87,63
90.6741165,,75 87,35 35 36,32 32,,,32 44,44 56 68 80,75 87,63
90.84265574999999,,75 87,,32 32,,,32 44,44 56 68 80,75 87,63
91.01119499999999,,74 86,38 38 38,32 32,,,32 44,44 56 68 80,74 86,62
91.17973425,,74 86,,32 32,,,32 44,44 56 68 80,74 86,62
91.34827349999999,,75 87,,32 32,,,32 44,44 56 68 80,75 87,63
91.51681274999999,,75 87,,32 32,,,32 44,44 56 68 80,75 87,63
91.685352,,75 87,35 35 36,27 27,,,27 39,39 51 63 75,75 87,63
91.85389124999999,,75 87,,27 27,,,27 39,39 51 63 75,75 87,63
92.02243049999998,,,,27 27,,,27 39,39 51 63 75,,
92.19096975,,,,27 27,,,27 39,39 51 63 75,,
92.35950899999999,,,38 38 38,27 27,,,27 39,39 51 63 75,,
92.52804824999998,,,,27 27,,,27 39,39 51 63 75,,
92.69658749999999,,,,27 27,,,27 39,39 51 63 75,,
92.86512674999999,,,35 35 36,27 27,,,27 39,39 51 63 75,,
93.03366599999998,,75 87,,27 27,,,27 39,39 51 63 75,75 87,63
93.20220524999999,,75 87,35 35 36,27 27,,,27 39,39 51 63 75,75 87,63
93.37074449999999,,75 87,35 35 36,27 27,,,27 39,39 51 63 75,75 87,63
93.53928375,,75 87,,27 27,,,27 39,39 51 63 75,75 87,63
93.70782299999999,,74 86,38 38 38,27 27,,,27 39,39 51 63 75,74 86,62
93.87636224999999,,74 86,,27 27,,,27 39,39 51 63 75,74 86,62
94.0449015,,77 89,,27 27,,,27 39,39 51 63 75,77 89,65
94.21344074999999,,77 89,,27 27,,,27 39,39 51 63 75,77 89,65
94.38197999999998,,77 89,35 35 36,26 26,,,26 38,38 50 62 74,77 89,65
94.55051925,,,,26 26,,,26 38,38 50 62 74,,
94.71905849999999,,79 91,,26 26,,,26 38,38 50 62 74,79 91,67
94.88759774999998,,79 91,,26 26,,,26 38,38 50 62 74,79 91,67
95.05613699999999,,79 91,38 38 38,26 26,,,26 38,38 50 62 74,79 91,67
95.22467624999999,,79 91,,26 26,,,26 38,38 50 62 74,79 91,67
95.39321549999998,,,,26 26,,,26 38,38 50 62 74,,
95.56175474999999,,,35 35 36,26 26,,,26 38,38 50 62 74,,
95.73029399999999,,,,26 26,,,26 38,38 50 62 74,,
95.89883325,,,35 35 36,26 26,,,26 38,38 50 62 74,,
96.06737249999999,,,35 35 36,26 26,,,26 38,38 50 62 74,,
96.23591174999999,,,,26 26,,,26 38,38 50 62 74,,
96.404451,,,38 38 38,26 26,,,26 38,38 50 62 74,,
96.57299024999999,,,,26 26,,,26 38,38 50 62 74,,
96.74152949999998,,,,26 26,,,26 38,38 50 62 74,,
96.91006875,,,,26 26,,,26 38,38 50 62 74,,
97.07860799999999,,,,,,,,,,
